지역,도시,지점,진표,이표
서울,서울,세종로 네거리,북위 37° 34′ 12.63″ 동경 126° 58′ 37.73″﻿ / ﻿북위 37.5701750° 동경 126.9771472°﻿ / 37.5701750; 126.9771472,세종문화회관
인천,인천,한국 기독교 100주년 기념탑,북위 37° 28′ 24.5″ 동경 126° 36′ 58.99″﻿ / ﻿북위 37.473472° 동경 126.6163861°﻿ / 37.473472; 126.6163861,한국 기독교 100주년 기념탑
,강화,미설치,,미설치
대전,대전,서대전네거리,"진표 : 북위 36° 19′ 20.79″ 동경 127° 24′ 45.13″﻿ / ﻿북위 36.3224417° 동경 127.4125361°﻿ / 36.3224417; 127.4125361
이표 : 북위 36° 21′ 0.4″ 동경 127° 23′ 11.39″﻿ / ﻿북위 36.350111° 동경 127.3864972°﻿ / 36.350111; 127.3864972",대전광역시청
광주,광주,충장로 구성로 교차로,"진표 : 북위 35° 9′ 4.48″ 동경 126° 54′ 43.46″﻿ / ﻿북위 35.1512444° 동경 126.9120722°﻿ / 35.1512444; 126.9120722
이표 : 북위 35° 9′ 30.47″ 동경 126° 51′ 5.79″﻿ / ﻿북위 35.1584639° 동경 126.8516083°﻿ / 35.1584639; 126.8516083",광주광역시청 평화공원
부산,부산,옛부산시청 교차로,북위 35° 5′ 52.82″ 동경 129° 2′ 7.53″﻿ / ﻿북위 35.0980056° 동경 129.0354250°﻿ / 35.0980056; 129.0354250,부산광역시청
대구,대구,중앙로역 북편 네거리,북위 35° 52′ 19.53″ 동경 128° 35′ 39.21″﻿ / ﻿북위 35.8720917° 동경 128.5942250°﻿ / 35.8720917; 128.5942250[5],경상감영공원
울산,울산,문화의거리 중앙길,"진표 : 북위 35° 33′ 22.05″ 동경 129° 19′ 17.9″﻿ / ﻿북위 35.5561250° 동경 129.321639°﻿ / 35.5561250; 129.321639
이표 : 북위 35° 32′ 20.35″ 동경 129° 18′ 44.4″﻿ / ﻿북위 35.5389861° 동경 129.312333°﻿ / 35.5389861; 129.312333",울산광역시청
세종,세종,죽림삼거리,북위 36° 35′ 21.58″ 동경 127° 17′ 59″﻿ / ﻿북위 36.5893278° 동경 127.29972°﻿ / 36.5893278; 127.29972,죽림삼거리
경기,가평,가평군청,북위 37° 49′ 52.78″ 동경 127° 30′ 36.78″﻿ / ﻿북위 37.8313278° 동경 127.5102167°﻿ / 37.8313278; 127.5102167,가평군청
경기,고양,고양시청,북위 37° 39′ 28.24″ 동경 126° 49′ 54.11″﻿ / ﻿북위 37.6578444° 동경 126.8316972°﻿ / 37.6578444; 126.8316972,고양시청
경기,과천,관문사거리,북위 37° 26′ 46.93″ 동경 126° 59′ 45.2″﻿ / ﻿북위 37.4463694° 동경 126.995889°﻿ / 37.4463694; 126.995889,관문사거리
경기,광명,광명시청,북위 37° 28′ 40.87″ 동경 126° 51′ 50.09″﻿ / ﻿북위 37.4780194° 동경 126.8639139°﻿ / 37.4780194; 126.8639139,광명시청
경기,광주,광주시청,북위 37° 25′ 40.2″ 동경 127° 15′ 20.98″﻿ / ﻿북위 37.427833° 동경 127.2558278°﻿ / 37.427833; 127.2558278,광주시청
경기,구리,교문사거리,"진표 : 북위 37° 36′ 3.54″ 동경 127° 7′ 51.29″﻿ / ﻿북위 37.6009833° 동경 127.1309139°﻿ / 37.6009833; 127.1309139
이표 : 북위 37° 36′ 2.8″ 동경 127° 7′ 50.3″﻿ / ﻿북위 37.600778° 동경 127.130639°﻿ / 37.600778; 127.130639",교문사거리
경기,군포,중앙공원사거리,북위 37° 21′ 43.32″ 동경 126° 55′ 54.07″﻿ / ﻿북위 37.3620333° 동경 126.9316861°﻿ / 37.3620333; 126.9316861,중앙공원사거리
경기,김포,김포시청,북위 37° 36′ 56.32″ 동경 126° 42′ 59.78″﻿ / ﻿북위 37.6156444° 동경 126.7166056°﻿ / 37.6156444; 126.7166056,김포시청
경기,남양주,남양주시청,"진표 : 북위 37° 38′ 7.15″ 동경 127° 12′ 59.78″﻿ / ﻿북위 37.6353194° 동경 127.2166056°﻿ / 37.6353194; 127.2166056
이표 : 북위 37° 38′ 6.46″ 동경 127° 13′ 0.42″﻿ / ﻿북위 37.6351278° 동경 127.2167833°﻿ / 37.6351278; 127.2167833",남양주시청앞 교차로
경기,동두천,동두천시청,"진표 : 북위 37° 54′ 11.87″ 동경 127° 3′ 38.24″﻿ / ﻿북위 37.9032972° 동경 127.0606222°﻿ / 37.9032972; 127.0606222
이표 : 북위 37° 54′ 14.49″ 동경 127° 3′ 28.85″﻿ / ﻿북위 37.9040250° 동경 127.0580139°﻿ / 37.9040250; 127.0580139",정장사거리
경기,부천,부천 중앙공원,북위 37° 30′ 5.19″ 동경 126° 45′ 57.65″﻿ / ﻿북위 37.5014417° 동경 126.7660139°﻿ / 37.5014417; 126.7660139,부천 중앙공원
경기,성남,성남종합운동장,북위 37° 25′ 55.87″ 동경 127° 8′ 12.74″﻿ / ﻿북위 37.4321861° 동경 127.1368722°﻿ / 37.4321861; 127.1368722,성남종합운동장
경기,수원,중동사거리,북위 37° 16′ 31.98″ 동경 127° 0′ 59.55″﻿ / ﻿북위 37.2755500° 동경 127.0165417°﻿ / 37.2755500; 127.0165417,중동사거리
경기,시흥,시흥시청,"진표 : 북위 37° 22′ 46.39″ 동경 126° 48′ 9.46″﻿ / ﻿북위 37.3795528° 동경 126.8026278°﻿ / 37.3795528; 126.8026278
이표 : 북위 37° 22′ 46.19″ 동경 126° 48′ 10.04″﻿ / ﻿북위 37.3794972° 동경 126.8027889°﻿ / 37.3794972; 126.8027889",시흥시청
경기,안산,안산시청,북위 37° 19′ 17.15″ 동경 126° 49′ 51″﻿ / ﻿북위 37.3214306° 동경 126.83083°﻿ / 37.3214306; 126.83083,안산시청
경기,안성,봉산로터리,북위 37° 0′ 20.3″ 동경 127° 16′ 46.24″﻿ / ﻿북위 37.005639° 동경 127.2795111°﻿ / 37.005639; 127.2795111,안성시청
경기,안양,안양시청,북위 37° 23′ 38.16″ 동경 126° 57′ 29.71″﻿ / ﻿북위 37.3939333° 동경 126.9582528°﻿ / 37.3939333; 126.9582528,안양시청
경기,양주,양주시청,북위 37° 47′ 3.1″ 동경 127° 2′ 46.09″﻿ / ﻿북위 37.784194° 동경 127.0461361°﻿ / 37.784194; 127.0461361,양주시청
경기,여주,시청삼거리,북위 37° 17′ 50.66″ 동경 127° 38′ 14.32″﻿ / ﻿북위 37.2974056° 동경 127.6373111°﻿ / 37.2974056; 127.6373111,시청삼거리
경기,오산,운동장사거리,"진표 : 북위 37° 9′ 17.41″ 동경 127° 4′ 20.02″﻿ / ﻿북위 37.1548361° 동경 127.0722278°﻿ / 37.1548361; 127.0722278
이표 : 북위 37° 9′ 20.87″ 동경 127° 4′ 21.98″﻿ / ﻿북위 37.1557972° 동경 127.0727722°﻿ / 37.1557972; 127.0727722",운동장사거리
경기,용인,처인구청,"진표 : 북위 37° 14′ 5.06″ 동경 127° 12′ 5.45″﻿ / ﻿북위 37.2347389° 동경 127.2015139°﻿ / 37.2347389; 127.2015139
이표 : 북위 37° 14′ 5.47″ 동경 127° 12′ 5.87″﻿ / ﻿북위 37.2348528° 동경 127.2016306°﻿ / 37.2348528; 127.2016306",처인구청입구삼거리
경기,의왕,의왕시청,"진표 : 북위 37° 20′ 40.51″ 동경 126° 58′ 8.41″﻿ / ﻿북위 37.3445861° 동경 126.9690028°﻿ / 37.3445861; 126.9690028
이표 : 북위 37° 20′ 42.22″ 동경 126° 58′ 13.49″﻿ / ﻿북위 37.3450611° 동경 126.9704139°﻿ / 37.3450611; 126.9704139",시청사거리
경기,의정부,의정부시청,"진표 : 북위 37° 44′ 17.02″ 동경 127° 2′ 4.12″﻿ / ﻿북위 37.7380611° 동경 127.0344778°﻿ / 37.7380611; 127.0344778
이표 : 북위 37° 44′ 17.04″ 동경 127° 2′ 5.68″﻿ / ﻿북위 37.7380667° 동경 127.0349111°﻿ / 37.7380667; 127.0349111",시청앞교차로
경기,이천,이천종합복지타운,북위 37° 16′ 39.41″ 동경 127° 26′ 28.95″﻿ / ﻿북위 37.2776139° 동경 127.4413750°﻿ / 37.2776139; 127.4413750,이천종합복지타운
경기,파주,,이표 : 북위 37° 45′ 34.11″ 동경 126° 46′ 40.17″﻿ / ﻿북위 37.7594750° 동경 126.7778250°﻿ / 37.7594750; 126.7778250,시청앞사거리
경기,평택,평택역,북위 36° 59′ 30.08″ 동경 127° 5′ 11.89″﻿ / ﻿북위 36.9916889° 동경 127.0866361°﻿ / 36.9916889; 127.0866361,평택역오거리
경기,포천,포천시청,진표 : 북위 37° 54′ 27″ 동경 127° 12′ 12″﻿ / ﻿북위 37.90750° 동경 127.20333°﻿ / 37.90750; 127.20333,신읍사거리
경기,하남,"신장지하차도 비너스사우나 앞
(하남대로 760 앞)",북위 37° 32′ 21.57″ 동경 127° 12′ 45.01″﻿ / ﻿북위 37.5393250° 동경 127.2125028°﻿ / 37.5393250; 127.2125028,신장지하차도
경기,화성,화성시청,북위 37° 11′ 55.42″ 동경 126° 49′ 49.44″﻿ / ﻿북위 37.1987278° 동경 126.8304000°﻿ / 37.1987278; 126.8304000,화성시청
강원,강릉,강릉시청,북위 37° 45′ 7.19″ 동경 128° 52′ 40.11″﻿ / ﻿북위 37.7519972° 동경 128.8778083°﻿ / 37.7519972; 128.8778083,강릉시청
강원,고성,고성군청,북위 38° 22′ 48.25″ 동경 128° 28′ 3.44″﻿ / ﻿북위 38.3800694° 동경 128.4676222°﻿ / 38.3800694; 128.4676222,고성군청
강원,동해,천곡사거리,북위 37° 31′ 33.09″ 동경 129° 6′ 17.49″﻿ / ﻿북위 37.5258583° 동경 129.1048583°﻿ / 37.5258583; 129.1048583,천곡사거리
강원,삼척,삼척시청,북위 37° 26′ 57.45″ 동경 129° 9′ 54.31″﻿ / ﻿북위 37.4492917° 동경 129.1650861°﻿ / 37.4492917; 129.1650861,삼척시청
강원,속초,속초시청,북위 38° 12′ 25.26″ 동경 128° 35′ 32.78″﻿ / ﻿북위 38.2070167° 동경 128.5924389°﻿ / 38.2070167; 128.5924389,속초시청
강원,양구,"송죽모텔 앞
(관공서로 6 앞)",북위 38° 6′ 23.16″ 동경 127° 59′ 25.11″﻿ / ﻿북위 38.1064333° 동경 127.9903083°﻿ / 38.1064333; 127.9903083,
강원,양양,양양군청,"진표 : 북위 38° 4′ 29.8″ 동경 128° 37′ 8.69″﻿ / ﻿북위 38.074944° 동경 128.6190806°﻿ / 38.074944; 128.6190806
이표 : 북위 38° 4′ 27.28″ 동경 128° 37′ 11.1″﻿ / ﻿북위 38.0742444° 동경 128.619750°﻿ / 38.0742444; 128.619750",군청사거리
강원,영월,영월군청,북위 37° 11′ 1.25″ 동경 128° 27′ 44.8″﻿ / ﻿북위 37.1836806° 동경 128.462444°﻿ / 37.1836806; 128.462444,영월군청
강원,원주,원주종합운동장,"진표 : 북위 37° 20′ 11.12″ 동경 127° 56′ 37.88″﻿ / ﻿북위 37.3364222° 동경 127.9438556°﻿ / 37.3364222; 127.9438556
이표 : 북위 37° 20′ 33.69″ 동경 127° 57′ 18.48″﻿ / ﻿북위 37.3426917° 동경 127.9551333°﻿ / 37.3426917; 127.9551333",남부시장사거리
강원,인제,인제군청,"진표 : 북위 38° 4′ 7″ 동경 128° 10′ 16.9″﻿ / ﻿북위 38.06861° 동경 128.171361°﻿ / 38.06861; 128.171361
이표 : 북위 38° 4′ 9.2″ 동경 128° 10′ 14.2″﻿ / ﻿북위 38.069222° 동경 128.170611°﻿ / 38.069222; 128.170611",인제문화원 앞 교차로
강원,정선,정선교육지원청,북위 37° 22′ 52.32″ 동경 128° 39′ 47.99″﻿ / ﻿북위 37.3812000° 동경 128.6633306°﻿ / 37.3812000; 128.6633306,정선교육지원청
강원,철원,철원군청,북위 38° 8′ 47.1″ 동경 127° 18′ 49.59″﻿ / ﻿북위 38.146417° 동경 127.3137750°﻿ / 38.146417; 127.3137750,철원군청
강원,철원 (구),철원 노동당사 근처,북위 38° 15′ 15.65″ 동경 127° 12′ 5.73″﻿ / ﻿북위 38.2543472° 동경 127.2015917°﻿ / 38.2543472; 127.2015917,철원 노동당사 근처
강원,춘천,중앙로터리 기업은행앞,"진표 : 북위 37° 52′ 50.7″ 동경 127° 43′ 39.5″﻿ / ﻿북위 37.880750° 동경 127.727639°﻿ / 37.880750; 127.727639
이표 : 북위 37° 52′ 50.19″ 동경 127° 43′ 39.77″﻿ / ﻿북위 37.8806083° 동경 127.7277139°﻿ / 37.8806083; 127.7277139",중앙로터리
강원,태백,황지교사거리,"진표 : 북위 37° 10′ 26.57″ 동경 128° 59′ 37.26″﻿ / ﻿북위 37.1740472° 동경 128.9936833°﻿ / 37.1740472; 128.9936833
이표 : 북위 37° 9′ 50.1″ 동경 128° 59′ 9.79″﻿ / ﻿북위 37.163917° 동경 128.9860528°﻿ / 37.163917; 128.9860528",태백시청
강원,평창,평창군청,"진표 : 북위 37° 22′ 12.35″ 동경 128° 23′ 23.72″﻿ / ﻿북위 37.3700972° 동경 128.3899222°﻿ / 37.3700972; 128.3899222
이표 : 북위 37° 22′ 8.54″ 동경 128° 23′ 43.56″﻿ / ﻿북위 37.3690389° 동경 128.3954333°﻿ / 37.3690389; 128.3954333",평창우체국앞 사거리
강원,홍천,"홍천사거리 LG베스트샵 앞
(홍천로 308 앞)",북위 37° 41′ 17.84″ 동경 127° 52′ 45.9″﻿ / ﻿북위 37.6882889° 동경 127.879417°﻿ / 37.6882889; 127.879417,홍천사거리
강원,화천,화천군청,북위 38° 6′ 20.86″ 동경 127° 42′ 29″﻿ / ﻿북위 38.1057944° 동경 127.70806°﻿ / 38.1057944; 127.70806,화천군청
강원,횡성,횡성군청,북위 37° 29′ 27.96″ 동경 127° 59′ 7.54″﻿ / ﻿북위 37.4911000° 동경 127.9854278°﻿ / 37.4911000; 127.9854278,횡성군청
충북,괴산,금산삼거리,북위 36° 48′ 17.45″ 동경 127° 47′ 30.87″﻿ / ﻿북위 36.8048472° 동경 127.7919083°﻿ / 36.8048472; 127.7919083,금산삼거리
충북,단양,별곡사거리,"진표 : 북위 36° 59′ 10.85″ 동경 128° 22′ 8.03″﻿ / ﻿북위 36.9863472° 동경 128.3688972°﻿ / 36.9863472; 128.3688972
이표 : 북위 36° 59′ 10.23″ 동경 128° 22′ 9.89″﻿ / ﻿북위 36.9861750° 동경 128.3694139°﻿ / 36.9861750; 128.3694139",별곡사거리
충북,보은,이평교사거리,북위 36° 29′ 23.27″ 동경 127° 43′ 19.2″﻿ / ﻿북위 36.4897972° 동경 127.722000°﻿ / 36.4897972; 127.722000,이평교사거리
충북,영동,부용사거리,북위 36° 10′ 24.01″ 동경 127° 46′ 26.96″﻿ / ﻿북위 36.1733361° 동경 127.7741556°﻿ / 36.1733361; 127.7741556,부용사거리
충북,옥천,옥천군청,북위 36° 18′ 22.34″ 동경 127° 34′ 18.43″﻿ / ﻿북위 36.3062056° 동경 127.5717861°﻿ / 36.3062056; 127.5717861,옥천군청
충북,음성,,이표 : 북위 36° 56′ 9.49″ 동경 127° 41′ 21.15″﻿ / ﻿북위 36.9359694° 동경 127.6892083°﻿ / 36.9359694; 127.6892083,중앙로 예술로 분기점
충북,제천,중앙공원,"진표 : 북위 37° 8′ 21.91″ 동경 128° 12′ 39.05″﻿ / ﻿북위 37.1394194° 동경 128.2108472°﻿ / 37.1394194; 128.2108472
이표 : 북위 37° 8′ 19.88″ 동경 128° 12′ 39.54″﻿ / ﻿북위 37.1388556° 동경 128.2109833°﻿ / 37.1388556; 128.2109833",제천시민회관앞 사거리
충북,증평,증평군청,북위 36° 47′ 8.6″ 동경 127° 34′ 53.83″﻿ / ﻿북위 36.785722° 동경 127.5816194°﻿ / 36.785722; 127.5816194,증평군청
충북,진천,중앙동로 대촌길 분기점,북위 36° 51′ 37.66″ 동경 127° 26′ 43.48″﻿ / ﻿북위 36.8604611° 동경 127.4454111°﻿ / 36.8604611; 127.4454111,중앙동로 대촌길 분기점
충북,청주,상당공원 충북도민헌장탑 앞,"진표 : 북위 36° 38′ 13.75″ 동경 127° 29′ 27.04″﻿ / ﻿북위 36.6371528° 동경 127.4908444°﻿ / 36.6371528; 127.4908444
이표 : 북위 36° 38′ 5″ 동경 127° 29′ 33″﻿ / ﻿북위 36.63472° 동경 127.49250°﻿ / 36.63472; 127.49250",중앙초등학교앞 사거리
충북,충주,근린공원,북위 36° 59′ 20.67″ 동경 127° 55′ 36.3″﻿ / ﻿북위 36.9890750° 동경 127.926750°﻿ / 36.9890750; 127.926750,근린공원
충남,계룡,계룡시청,북위 36° 16′ 30.02″ 동경 127° 14′ 57.86″﻿ / ﻿북위 36.2750056° 동경 127.2494056°﻿ / 36.2750056; 127.2494056,계룡시청
충남,공주,금강둔치 교차로,"진표 : 북위 36° 28′ 1.82″ 동경 127° 8′ 1.01″﻿ / ﻿북위 36.4671722° 동경 127.1336139°﻿ / 36.4671722; 127.1336139
이표 : 북위 36° 27′ 23.66″ 동경 127° 7′ 29.12″﻿ / ﻿북위 36.4565722° 동경 127.1247556°﻿ / 36.4565722; 127.1247556",중동 교차로
충남,금산,,이표 : 북위 36° 6′ 25.66″ 동경 127° 29′ 22.98″﻿ / ﻿북위 36.1071278° 동경 127.4897167°﻿ / 36.1071278; 127.4897167,금산읍사무소사거리
충남,논산,논산오거리,"진표 : 북위 36° 12′ 7.83″ 동경 127° 5′ 10.78″﻿ / ﻿북위 36.2021750° 동경 127.0863278°﻿ / 36.2021750; 127.0863278
이표 : 북위 36° 12′ 9.16″ 동경 127° 5′ 12.07″﻿ / ﻿북위 36.2025444° 동경 127.0866861°﻿ / 36.2025444; 127.0866861",논산오거리
충남,당진,당진1교 교차로,북위 36° 53′ 32.24″ 동경 126° 37′ 30.77″﻿ / ﻿북위 36.8922889° 동경 126.6252139°﻿ / 36.8922889; 126.6252139,당진1교 교차로
충남,보령,수청사거리,"진표 : 북위 36° 20′ 42.64″ 동경 126° 35′ 58.21″﻿ / ﻿북위 36.3451778° 동경 126.5995028°﻿ / 36.3451778; 126.5995028
이표 : 북위 36° 20′ 41.74″ 동경 126° 35′ 57.6″﻿ / ﻿북위 36.3449278° 동경 126.599333°﻿ / 36.3449278; 126.599333",수청사거리
충남,부여,부여군청,북위 36° 16′ 31.43″ 동경 126° 54′ 37.41″﻿ / ﻿북위 36.2753972° 동경 126.9103917°﻿ / 36.2753972; 126.9103917,부여군청
충남,서산,석림사거리,"진표 : 북위 36° 46′ 32.33″ 동경 126° 27′ 51.4″﻿ / ﻿북위 36.7756472° 동경 126.464278°﻿ / 36.7756472; 126.464278
이표 : 북위 36° 46′ 30.97″ 동경 126° 27′ 51.02″﻿ / ﻿북위 36.7752694° 동경 126.4641722°﻿ / 36.7752694; 126.4641722",석림사거리
충남,서천,오석사거리,북위 36° 5′ 20.21″ 동경 126° 40′ 58.44″﻿ / ﻿북위 36.0889472° 동경 126.6829000°﻿ / 36.0889472; 126.6829000,오석사거리
충남,아산,동신사거리,북위 36° 46′ 44″ 동경 127° 1′ 8.22″﻿ / ﻿북위 36.77889° 동경 127.0189500°﻿ / 36.77889; 127.0189500,동신사거리
충남,예산,터미널사거리 (산성리사거리),북위 36° 41′ 32.7″ 동경 126° 50′ 9.48″﻿ / ﻿북위 36.692417° 동경 126.8359667°﻿ / 36.692417; 126.8359667,터미널사거리 (산성리사거리)
충남,천안,도로원점삼거리,북위 36° 48′ 22.82″ 동경 127° 9′ 51.89″﻿ / ﻿북위 36.8063389° 동경 127.1644139°﻿ / 36.8063389; 127.1644139,도로원점삼거리
충남,청양,읍내사거리,북위 36° 27′ 3.52″ 동경 126° 48′ 9.84″﻿ / ﻿북위 36.4509778° 동경 126.8027333°﻿ / 36.4509778; 126.8027333,읍내사거리
충남,태안,태안시외버스터미널 앞,북위 36° 44′ 53.89″ 동경 126° 18′ 11.33″﻿ / ﻿북위 36.7483028° 동경 126.3031472°﻿ / 36.7483028; 126.3031472,태안시외버스터미널 앞
충남,홍성,"홍주교 남쪽 하상주차장
(홍성읍 오관리 299-4)",북위 36° 36′ 4″ 동경 126° 40′ 0″﻿ / ﻿북위 36.60111° 동경 126.66667°﻿ / 36.60111; 126.66667,홍주교 남쪽 하상주차장
전북,고창,석교사거리,북위 35° 26′ 26.95″ 동경 126° 41′ 34.34″﻿ / ﻿북위 35.4408194° 동경 126.6928722°﻿ / 35.4408194; 126.6928722,석교사거리
전북,군산,군산시청,북위 35° 58′ 1.84″ 동경 126° 44′ 15.09″﻿ / ﻿북위 35.9671778° 동경 126.7375250°﻿ / 35.9671778; 126.7375250,군산시청
전북,김제,김제시청,북위 35° 48′ 17.14″ 동경 126° 52′ 52.91″﻿ / ﻿북위 35.8047611° 동경 126.8813639°﻿ / 35.8047611; 126.8813639,김제시청
전북,남원,향교오거리,"진표 : 북위 35° 24′ 54.9″ 동경 127° 23′ 9.77″﻿ / ﻿북위 35.415250° 동경 127.3860472°﻿ / 35.415250; 127.3860472
이표 : 북위 35° 24′ 54.54″ 동경 127° 23′ 10.43″﻿ / ﻿북위 35.4151500° 동경 127.3862306°﻿ / 35.4151500; 127.3862306",향교오거리
전북,무주,무주우체국,북위 36° 0′ 22.28″ 동경 127° 39′ 40″﻿ / ﻿북위 36.0061889° 동경 127.66111°﻿ / 36.0061889; 127.66111,무주우체국
전북,부안,부안군청,북위 35° 43′ 53.3″ 동경 126° 44′ 2.57″﻿ / ﻿북위 35.731472° 동경 126.7340472°﻿ / 35.731472; 126.7340472,부안군청
전북,순창,,이표 : 북위 35° 22′ 34.55″ 동경 127° 8′ 36.69″﻿ / ﻿북위 35.3762639° 동경 127.1435250°﻿ / 35.3762639; 127.1435250,중앙로사거리
전북,익산,익산시청,북위 35° 56′ 51.84″ 동경 126° 57′ 27.62″﻿ / ﻿북위 35.9477333° 동경 126.9576722°﻿ / 35.9477333; 126.9576722,익산시청
전북,임실,봉황로 운수로 분기점,북위 35° 36′ 59.2″ 동경 127° 16′ 55.44″﻿ / ﻿북위 35.616444° 동경 127.2820667°﻿ / 35.616444; 127.2820667,봉황로 운수로 분기점
전북,장수,"장수군도로관리사무소
(시장로 50-18)",북위 35° 39′ 6.55″ 동경 127° 30′ 47.1″﻿ / ﻿북위 35.6518194° 동경 127.513083°﻿ / 35.6518194; 127.513083,장수군도로관리사무소
전북,전주,기업은행 전주지점,"진표 : 북위 35° 49′ 2.84″ 동경 127° 8′ 49.79″﻿ / ﻿북위 35.8174556° 동경 127.1471639°﻿ / 35.8174556; 127.1471639
이표 : 북위 35° 49′ 24.98″ 동경 127° 8′ 53.47″﻿ / ﻿북위 35.8236056° 동경 127.1481861°﻿ / 35.8236056; 127.1481861",전주시청
전북,정읍,정읍시의회 정읍시청,북위 35° 34′ 11.19″ 동경 126° 51′ 18.84″﻿ / ﻿북위 35.5697750° 동경 126.8552333°﻿ / 35.5697750; 126.8552333,정읍시의회 정읍시청
전북,진안,진안로터리 군민의탑,북위 35° 47′ 10.24″ 동경 127° 25′ 21.14″﻿ / ﻿북위 35.7861778° 동경 127.4225389°﻿ / 35.7861778; 127.4225389,진안로터리
전남,강진,동성사거리,북위 34° 38′ 24.97″ 동경 126° 46′ 38.38″﻿ / ﻿북위 34.6402694° 동경 126.7773278°﻿ / 34.6402694; 126.7773278,동성사거리
전남,고흥,"보떼 고흥점 앞
(고흥로 1737)",북위 34° 36′ 27.21″ 동경 127° 17′ 3.4″﻿ / ﻿북위 34.6075583° 동경 127.284278°﻿ / 34.6075583; 127.284278,보떼 고흥점 앞
전남,곡성,경찰서사거리,"진표 : 북위 35° 17′ 2.16″ 동경 127° 17′ 59.96″﻿ / ﻿북위 35.2839333° 동경 127.2999889°﻿ / 35.2839333; 127.2999889
이표 : 북위 35° 17′ 2.11″ 동경 127° 18′ 0.42″﻿ / ﻿북위 35.2839194° 동경 127.3001167°﻿ / 35.2839194; 127.3001167",경찰서사거리
전남,광양,시청사거리,"진표 : 북위 34° 56′ 19.68″ 동경 127° 41′ 52.24″﻿ / ﻿북위 34.9388000° 동경 127.6978444°﻿ / 34.9388000; 127.6978444
이표 : 북위 34° 56′ 19.11″ 동경 127° 41′ 53.1″﻿ / ﻿북위 34.9386417° 동경 127.698083°﻿ / 34.9386417; 127.698083",시청사거리
전남,구례,구례경찰서앞 로터리,북위 35° 12′ 31.73″ 동경 127° 27′ 52.5″﻿ / ﻿북위 35.2088139° 동경 127.464583°﻿ / 35.2088139; 127.464583,구례경찰서앞 로터리
전남,나주,나주시청 완사천,북위 35° 0′ 57.38″ 동경 126° 42′ 49.15″﻿ / ﻿북위 35.0159389° 동경 126.7136528°﻿ / 35.0159389; 126.7136528,나주시청 완사천
전남,담양,중파사거리,북위 35° 19′ 11.41″ 동경 126° 58′ 57.51″﻿ / ﻿북위 35.3198361° 동경 126.9826417°﻿ / 35.3198361; 126.9826417,중파사거리
전남,목포,유달동 교차로,북위 34° 47′ 12.76″ 동경 126° 22′ 56.15″﻿ / ﻿북위 34.7868778° 동경 126.3822639°﻿ / 34.7868778; 126.3822639,유달동 교차로
전남,무안,무안군청,북위 34° 59′ 27.3″ 동경 126° 28′ 51.23″﻿ / ﻿북위 34.990917° 동경 126.4808972°﻿ / 34.990917; 126.4808972,무안군청
전남,보성,보성역,북위 34° 46′ 2.2″ 동경 127° 4′ 54.3″﻿ / ﻿북위 34.767278° 동경 127.081750°﻿ / 34.767278; 127.081750,보성역
전남,순천,,북위 34° 57′ 17.62″ 동경 127° 29′ 2.52″﻿ / ﻿북위 34.9548944° 동경 127.4840333°﻿ / 34.9548944; 127.4840333,중앙사거리
전남,신안,"장산도 북강선착장
(국도 제2호선 기점)",북위 34° 40′ 8.69″ 동경 126° 9′ 43.92″﻿ / ﻿북위 34.6690806° 동경 126.1622000°﻿ / 34.6690806; 126.1622000,"장산도 북강선착장
(국도 제2호선 기점)"
전남,여수,여수시청,북위 34° 45′ 39.09″ 동경 127° 39′ 46.2″﻿ / ﻿북위 34.7608583° 동경 127.662833°﻿ / 34.7608583; 127.662833,여수시청
전남,영광,영광군청 영광군의회,"진표 : 북위 35° 16′ 38.16″ 동경 126° 30′ 45.51″﻿ / ﻿북위 35.2772667° 동경 126.5126417°﻿ / 35.2772667; 126.5126417
이표 : 북위 35° 16′ 35.05″ 동경 126° 30′ 44.63″﻿ / ﻿북위 35.2764028° 동경 126.5123972°﻿ / 35.2764028; 126.5123972",군청사거리
전남,영암,영암실내체육관,진표 : 북위 34° 47′ 39.64″ 동경 126° 41′ 47.48″﻿ / ﻿북위 34.7943444° 동경 126.6965222°﻿ / 34.7943444; 126.6965222,정류장 교차로 남단
전남,완도,완도 교차로,북위 34° 19′ 51.6″ 동경 126° 44′ 0.81″﻿ / ﻿북위 34.331000° 동경 126.7335583°﻿ / 34.331000; 126.7335583,완도 교차로
전남,장성,장성군청,북위 35° 18′ 6.2″ 동경 126° 47′ 2.94″﻿ / ﻿북위 35.301722° 동경 126.7841500°﻿ / 35.301722; 126.7841500,장성군청
전남,장흥,장흥군민회관,북위 34° 40′ 34.04″ 동경 126° 54′ 31.78″﻿ / ﻿북위 34.6761222° 동경 126.9088278°﻿ / 34.6761222; 126.9088278,장흥군민회관
전남,진도,"중앙한의원 앞 사거리
(남문길 34 앞)",북위 34° 28′ 51.72″ 동경 126° 15′ 49.74″﻿ / ﻿북위 34.4810333° 동경 126.2638167°﻿ / 34.4810333; 126.2638167,중앙한의원 앞 사거리
전남,함평,"중앙길 영수길 분기점 (광성당 앞)
(중앙길 119)",북위 35° 3′ 53.42″ 동경 126° 31′ 15.43″﻿ / ﻿북위 35.0648389° 동경 126.5209528°﻿ / 35.0648389; 126.5209528,"중앙길 영수길 분기점 (광성당 앞)
(중앙길 119)"
전남,해남,해남군청 하늘재공원,북위 34° 34′ 21.6″ 동경 126° 35′ 55.24″﻿ / ﻿북위 34.572667° 동경 126.5986778°﻿ / 34.572667; 126.5986778,해남군청 하늘재공원
전남,화순,대광아파트 교차로,북위 35° 3′ 20.54″ 동경 126° 58′ 42.3″﻿ / ﻿북위 35.0557056° 동경 126.978417°﻿ / 35.0557056; 126.978417,대광아파트 교차로
경북,경산,경산시청,북위 35° 49′ 28.69″ 동경 128° 44′ 32.26″﻿ / ﻿북위 35.8246361° 동경 128.7422944°﻿ / 35.8246361; 128.7422944,경산시청
경북,경주,팔우정삼거리,북위 35° 50′ 27.08″ 동경 129° 13′ 2.83″﻿ / ﻿북위 35.8408556° 동경 129.2174528°﻿ / 35.8408556; 129.2174528,팔우정삼거리
경북,고령,대가야박물관,북위 35° 43′ 19.9″ 동경 128° 15′ 23.49″﻿ / ﻿북위 35.722194° 동경 128.2565250°﻿ / 35.722194; 128.2565250,대가야박물관
경북,구미,수출산업의탑,"진표 : 북위 36° 6′ 39.95″ 동경 128° 21′ 51.56″﻿ / ﻿북위 36.1110972° 동경 128.3643222°﻿ / 36.1110972; 128.3643222
이표 : 북위 36° 7′ 10.99″ 동경 128° 21′ 15.84″﻿ / ﻿북위 36.1197194° 동경 128.3544000°﻿ / 36.1197194; 128.3544000",원평공원
경북,군위,군위군청,북위 36° 14′ 29.87″ 동경 128° 34′ 22.3″﻿ / ﻿북위 36.2416306° 동경 128.572861°﻿ / 36.2416306; 128.572861,군위군청
경북,김천,삼각로터리 분수대,북위 36° 7′ 9.37″ 동경 128° 7′ 27.47″﻿ / ﻿북위 36.1192694° 동경 128.1242972°﻿ / 36.1192694; 128.1242972,삼각로터리
경북,문경,문경시청,북위 36° 35′ 9.48″ 동경 128° 11′ 14.23″﻿ / ﻿북위 36.5859667° 동경 128.1872861°﻿ / 36.5859667; 128.1872861,문경시청
경북,봉화,봉화군보건소,북위 36° 53′ 25.02″ 동경 128° 44′ 29.95″﻿ / ﻿북위 36.8902833° 동경 128.7416528°﻿ / 36.8902833; 128.7416528,봉화군보건소
경북,상주,상주시의회,북위 36° 24′ 57.66″ 동경 128° 9′ 3.22″﻿ / ﻿북위 36.4160167° 동경 128.1508944°﻿ / 36.4160167; 128.1508944,상주시의회
경북,성주,군청삼거리,북위 35° 55′ 8.03″ 동경 128° 17′ 2.61″﻿ / ﻿북위 35.9188972° 동경 128.2840583°﻿ / 35.9188972; 128.2840583,군청삼거리
경북,안동,제일생명삼거리,"진표 : 북위 36° 33′ 48.27″ 동경 128° 43′ 14.64″﻿ / ﻿북위 36.5634083° 동경 128.7207333°﻿ / 36.5634083; 128.7207333
이표 : 북위 36° 33′ 30.79″ 동경 128° 43′ 14.26″﻿ / ﻿북위 36.5585528° 동경 128.7206278°﻿ / 36.5585528; 128.7206278",영호대교북단 교차로
경북,영덕,영덕버스터미널 뒤편 청련교 동단,북위 36° 24′ 54.95″ 동경 129° 22′ 21.37″﻿ / ﻿북위 36.4152639° 동경 129.3726028°﻿ / 36.4152639; 129.3726028,영덕버스터미널 뒤편 청련교 동단
경북,영양,농협사거리,진표 : 북위 36° 39′ 56.78″ 동경 129° 6′ 51.44″﻿ / ﻿북위 36.6657722° 동경 129.1142889°﻿ / 36.6657722; 129.1142889,영양군청 건너편
경북,영주,영주초등학교 교차로,북위 36° 49′ 40.25″ 동경 128° 37′ 28.24″﻿ / ﻿북위 36.8278472° 동경 128.6245111°﻿ / 36.8278472; 128.6245111,영주초등학교
경북,영천,영천시청,북위 35° 58′ 20.37″ 동경 128° 56′ 19.12″﻿ / ﻿북위 35.9723250° 동경 128.9386444°﻿ / 35.9723250; 128.9386444,영천시청
경북,예천,남본 교차로 (개심사지 오층석탑),북위 36° 39′ 5.16″ 동경 128° 27′ 17.95″﻿ / ﻿북위 36.6514333° 동경 128.4549861°﻿ / 36.6514333; 128.4549861,남본 교차로 (개심사지 오층석탑)
경북,울진,"에너지프라자 울진LPG충전소
(울진북로 331 앞)",북위 36° 58′ 40.13″ 동경 129° 23′ 48.33″﻿ / ﻿북위 36.9778139° 동경 129.3967583°﻿ / 36.9778139; 129.3967583,"에너지프라자 울진LPG충전소
(울진북로 331 앞)"
경북,의성,의성군청,북위 36° 21′ 7.73″ 동경 128° 41′ 47.85″﻿ / ﻿북위 36.3521472° 동경 128.6966250°﻿ / 36.3521472; 128.6966250,의성군청
경북,청도,청도군청,북위 35° 38′ 51.72″ 동경 128° 44′ 5.73″﻿ / ﻿북위 35.6477000° 동경 128.7349250°﻿ / 35.6477000; 128.7349250,청도군청
경북,청송,,이표 : 북위 36° 26′ 1.21″ 동경 129° 3′ 22.48″﻿ / ﻿북위 36.4336694° 동경 129.0562444°﻿ / 36.4336694; 129.0562444,청송읍사무소 앞 교차로
경북,칠곡,칠곡군청,북위 35° 59′ 42.12″ 동경 128° 24′ 9.1″﻿ / ﻿북위 35.9950333° 동경 128.402528°﻿ / 35.9950333; 128.402528,칠곡군청
경북,포항,육거리,북위 36° 2′ 26.03″ 동경 129° 21′ 59.35″﻿ / ﻿북위 36.0405639° 동경 129.3664861°﻿ / 36.0405639; 129.3664861,육거리
경남,거제,6번 교차로,북위 34° 53′ 28.68″ 동경 128° 37′ 17.81″﻿ / ﻿북위 34.8913000° 동경 128.6216139°﻿ / 34.8913000; 128.6216139,고현항 부산행 여객선터미널
경남,거창,법원사거리,"진표 : 북위 35° 41′ 21.3″ 동경 127° 54′ 33.16″﻿ / ﻿북위 35.689250° 동경 127.9092111°﻿ / 35.689250; 127.9092111
이표 : 북위 35° 41′ 13.09″ 동경 127° 54′ 36.42″﻿ / ﻿북위 35.6869694° 동경 127.9101167°﻿ / 35.6869694; 127.9101167",거창군청
경남,김해,김해차량등록사업소,북위 35° 13′ 35.69″ 동경 128° 53′ 23.06″﻿ / ﻿북위 35.2265806° 동경 128.8897389°﻿ / 35.2265806; 128.8897389,김해차량등록사업소
경남,마산,"마산합포구청
(구 마산시청)",북위 35° 11′ 49.83″ 동경 128° 34′ 2.71″﻿ / ﻿북위 35.1971750° 동경 128.5674194°﻿ / 35.1971750; 128.5674194,"마산합포구청
(구 마산시청)"
경남,밀양,밀양시청,북위 35° 30′ 9.35″ 동경 128° 44′ 47.2″﻿ / ﻿북위 35.5025972° 동경 128.746444°﻿ / 35.5025972; 128.746444,밀양시청
경남,사천,2호광장,북위 34° 56′ 0.08″ 동경 128° 4′ 38.01″﻿ / ﻿북위 34.9333556° 동경 128.0772250°﻿ / 34.9333556; 128.0772250,2호광장
경남,산청,"산청군보건의료원 건너편
(친환경로2720번길)",북위 35° 24′ 59.84″ 동경 127° 53′ 2.01″﻿ / ﻿북위 35.4166222° 동경 127.8838917°﻿ / 35.4166222; 127.8838917,산청군보건의료원 건너편
경남,양산,남부사거리,북위 35° 20′ 16.36″ 동경 129° 2′ 19.36″﻿ / ﻿북위 35.3378778° 동경 129.0387111°﻿ / 35.3378778; 129.0387111,남부사거리
경남,의령,의령로 의령로24길 분기점,북위 35° 19′ 18.39″ 동경 128° 15′ 52.02″﻿ / ﻿북위 35.3217750° 동경 128.2644500°﻿ / 35.3217750; 128.2644500,
경남,진주,(구) 진주역,북위 35° 10′ 42.81″ 동경 128° 5′ 23.22″﻿ / ﻿북위 35.1785583° 동경 128.0897833°﻿ / 35.1785583; 128.0897833,진주역
경남,진해,진해이동우체국,북위 35° 9′ 0.36″ 동경 128° 41′ 49.61″﻿ / ﻿북위 35.1501000° 동경 128.6971139°﻿ / 35.1501000; 128.6971139,진해이동우체국
경남,창녕,오리정사거리,북위 35° 32′ 34.21″ 동경 128° 29′ 21.44″﻿ / ﻿북위 35.5428361° 동경 128.4892889°﻿ / 35.5428361; 128.4892889,오리정사거리
경남,창원,창원광장,북위 35° 13′ 39.36″ 동경 128° 40′ 51.38″﻿ / ﻿북위 35.2276000° 동경 128.6809389°﻿ / 35.2276000; 128.6809389,창원시청
경남,통영,통영시청,"진표 : 북위 34° 51′ 13.71″ 동경 128° 26′ 2.09″﻿ / ﻿북위 34.8538083° 동경 128.4339139°﻿ / 34.8538083; 128.4339139
이표 : 북위 34° 51′ 24.07″ 동경 128° 25′ 42.32″﻿ / ﻿북위 34.8566861° 동경 128.4284222°﻿ / 34.8566861; 128.4284222",무전사거리
경남,하동,비파삼거리,북위 35° 4′ 15.14″ 동경 127° 45′ 39.96″﻿ / ﻿북위 35.0708722° 동경 127.7611000°﻿ / 35.0708722; 127.7611000,비파삼거리
경남,함양,동문사거리 중앙,북위 35° 31′ 13.58″ 동경 127° 43′ 39.66″﻿ / ﻿북위 35.5204389° 동경 127.7276833°﻿ / 35.5204389; 127.7276833,동문사거리
제주,제주,제주시청,북위 33° 29′ 57.28″ 동경 126° 31′ 48.63″﻿ / ﻿북위 33.4992444° 동경 126.5301750°﻿ / 33.4992444; 126.5301750,제주시청
제주,서귀포,서귀포터미널삼거리,북위 33° 14′ 59″ 동경 126° 30′ 27.49″﻿ / ﻿북위 33.24972° 동경 126.5076361°﻿ / 33.24972; 126.5076361,서귀포터미널삼거리
